x, y, th, stamp, 
0.0, 0.0, 0.0, 1759354379077339641
0.0, 0.0, 0.0, 1759354379124344035
0.0, 0.0, 0.0, 1759354379172291652
0.0, 0.0, 0.0, 1759354379268692031
0.0, 0.0, 0.0, 1759354379318322416
0.0, 0.0, 0.0, 1759354379364783768
0.0, 0.0, 0.0, 1759354379428000101
3.1518480955011777e-06, -3.503535069192563e-06, 1.7672411559033208e-05, 1759354379478591365
0.0, 0.0, -3.908217877324205e-06, 1759354379524344683
0.0, 0.0, -6.210917490534484e-06, 1759354379572328448
0.0, 0.0, 0.0, 1759354379620544345
-0.0002059086340846118, 0.00020285009431675644, 0.0, 1759354379668472918
0.010632095458668334, -0.003321146323191537, 0.3310507535934448, 1759354379717327009
0.022910896901426215, 0.0038969997554929993, 0.7185118794441223, 1759354379764512118
0.028728061460481867, -0.0002633987113171044, 1.0486699342727661, 1759354379828798087
0.03744070359303611, 0.000988382960212811, 1.4435148239135742, 1759354379876315444
0.05684430338379263, -0.007653655959979046, 1.7418313026428223, 1759354379924368317
0.06081657030681809, -0.007403449516520517, 1.9530788660049438, 1759354379972369574
0.07103961267404604, -0.013134746334021292, 2.0309579372406006, 1759354380020339467
0.06528825371950127, -0.01174291473033777, 2.009122133255005, 1759354380068630287
0.06340511622676064, -0.009619806304600744, 1.9568231105804443, 1759354380117118027
0.06584223534524244, -0.0064904259756776534, 1.8543199300765991, 1759354380164488133
0.06600053512021659, -0.009785907633638725, 1.9236544370651245, 1759354380212733151
0.06399141085916729, -0.005176975850155703, 1.9079198837280273, 1759354380276524823
0.06898339729850854, -0.007558255256149397, 1.9345561265945435, 1759354380324383343
0.06860418281348181, -0.009133553734894202, 1.9155060052871704, 1759354380372355223
0.06732944531893933, -0.003776611568131503, 1.9070475101470947, 1759354380420356614
0.07741784180035567, -0.007669323745793314, 1.9186166524887085, 1759354380469805035
0.06699774693943591, -0.003315814528378177, 1.9463363885879517, 1759354380516359795
0.07860561624442877, -0.004874364712772949, 1.9204648733139038, 1759354380564820173
0.07703169143042089, -0.0045823295486736556, 1.9302644729614258, 1759354380630307161
0.07378043787282897, -0.0024613454373523147, 1.90166437625885, 1759354380676395199
0.07760218222069366, -0.006187934365413969, 1.8977376222610474, 1759354380724406813
0.08193059821381733, -0.0019410046846124302, 1.8660451173782349, 1759354380772447060
0.07616124012695763, -0.006385374016775461, 1.9126241207122803, 1759354380820704647
0.08407634954724014, -0.01486066791262249, 1.9499691724777222, 1759354380868707687
0.08300140190202336, -0.005262891930256776, 1.912806749343872, 1759354380916395815
0.08453888055627053, -0.012103712926341926, 1.9136158227920532, 1759354380965454399
0.07857464108707199, -0.008610769972096172, 1.9176735877990723, 1759354381028647043
0.09626699879442195, -0.009689793208736738, 1.9485372304916382, 1759354381076463188
0.08425003513110642, -0.013493420167689691, 1.9072918891906738, 1759354381124494397
0.09268896684440338, -0.004148655304964442, 1.8927217721939087, 1759354381172538045
0.0884596825689909, -0.007162460478782352, 1.8755862712860107, 1759354381221721234
0.08931822636831616, -0.00600037872190513, 1.9451532363891602, 1759354381267904177
0.08965865438563674, -0.0075425402947940446, 1.8971385955810547, 1759354381316376557
0.09798341414241118, -0.014058032204805025, 1.9514682292938232, 1759354381365230038
0.09100018023554496, -0.008274927444781529, 1.8951233625411987, 1759354381413135370
0.09789652667275701, -0.008879206422593594, 1.8981249332427979, 1759354381476533898
0.10311173689082345, -0.005681047680319942, 1.9025472402572632, 1759354381524423575
0.08962085847176157, -0.00949604532014904, 1.909961462020874, 1759354381573394410
0.0936024850581432, -0.002786435824171631, 1.8693222999572754, 1759354381620365805
0.10086167913116946, -0.007852417330008809, 1.92367684841156, 1759354381668509025
0.09782128251459993, -0.01430739907357414, 1.964195728302002, 1759354381716392911
0.1041352148290152, -0.0013446083743964235, 1.9076857566833496, 1759354381764110017
0.11130810985015706, -0.008588343842824137, 1.9309531450271606, 1759354381829057474
0.10486287281078831, -0.010156041136147952, 1.8790509700775146, 1759354381876587946
0.10748575249144578, -0.00820229825798029, 1.9115285873413086, 1759354381925373116
0.10778400310423093, -0.008624068582882435, 1.9076597690582275, 1759354381973407560
0.10382024653286939, -0.011278942709509954, 1.9286863803863525, 1759354382020387290
0.10633832938101057, -0.009545534345351112, 1.9113829135894775, 1759354382068549247
0.11027094943528429, -0.007077923126622566, 1.9079959392547607, 1759354382117407979
0.11010151358565451, -0.005559409151059241, 1.908461093902588, 1759354382164204248
0.1160842812517222, -0.006276089852155851, 1.8978453874588013, 1759354382228185089
0.12001655079346338, -0.00893728878905482, 1.9183166027069092, 1759354382276471424
0.11954317585852862, -0.0063431213867330685, 1.9564865827560425, 1759354382325483594
0.12234418713516206, -0.002544412921426167, 1.8808859586715698, 1759354382373392346
0.12274332204670085, -0.009618971399928318, 1.9123170375823975, 1759354382420404137
0.1211404575665935, -0.0045918139452599425, 1.9158556461334229, 1759354382468656643
0.1348601073668468, -0.009606459615269677, 1.9307074546813965, 1759354382517425567
0.13654799561920056, 0.0067526291344194855, 1.8808276653289795, 1759354382564510074
0.13349479024190974, 0.003935990163992817, 1.8847641944885254, 1759354382627889502
0.12675205102930293, -0.006514727602100597, 1.8953486680984497, 1759354382677540220
0.13520158267772273, -0.00484022597347185, 1.9090330600738525, 1759354382724418289
0.13589764276396815, -0.004221506294445438, 1.895807147026062, 1759354382772435215
0.13877083869625098, -0.010486981730815562, 1.933205485343933, 1759354382820413242
0.13817017620499777, 0.002397365381007779, 1.887736201286316, 1759354382868558136
0.14218266474074015, -0.006506335608286478, 1.9404077529907227, 1759354382917431906
0.14555983969905553, -0.003677945577599133, 1.9072104692459106, 1759354382963815014
0.13782261739361032, -0.0028602791771033228, 1.8826305866241455, 1759354383028745061
0.14642621575045817, 0.0007832444570885362, 1.9063442945480347, 1759354383077446769
0.154026405527722, 0.004295824139332641, 1.9019149541854858, 1759354383125680240
0.15441301823205672, 0.006342017208598138, 1.9227160215377808, 1759354383172589283
0.1568951405952004, 0.0012913542575493384, 1.949414849281311, 1759354383220433402
0.15816875072776085, 0.0030882393724683314, 1.9016242027282715, 1759354383268680420
0.1577931836521999, 0.008353668351561287, 1.9052125215530396, 1759354383317443953
0.15596425971135056, 0.0037346190410614782, 1.903707504272461, 1759354383365408389
0.1682768888858054, 0.004985110855888907, 1.9463140964508057, 1759354383411837897
0.17375762253221866, 0.0068777055230303105, 1.8664062023162842, 1759354383477452732
0.1684481981361843, 0.007797386906456116, 1.8403089046478271, 1759354383526510625
0.17501624540686875, 0.008914539916851056, 1.9049830436706543, 1759354383572456267
0.1749449527327149, 0.004618759061605011, 1.9287558794021606, 1759354383620436324
0.18040103146916509, 0.002492922766592677, 1.8934423923492432, 1759354383668608590
0.18413972361583633, 0.011638637987059339, 1.890057921409607, 1759354383717472368
0.18747431937433562, 0.009900477737865544, 1.8962678909301758, 1759354383765628758
0.18700900543837598, 0.0038295632765409024, 1.9462945461273193, 1759354383812588029
0.18576923846786683, 0.010811920845915615, 1.929848074913025, 1759354383878612969
0.1891682162808812, 0.0018675621820554644, 1.9065513610839844, 1759354383924540105
0.18519109342495294, 0.006516749267613275, 1.897950530052185, 1759354383972446469
0.19683580403569023, 0.007819792139078291, 1.8955820798873901, 1759354384020453315
0.1974722411027296, 0.009566813751886418, 1.8934861421585083, 1759354384068665310
0.20367789610519585, 0.011167425332148179, 1.915989875793457, 1759354384118478537
0.1977067272340138, 0.0026289422595827346, 1.9338098764419556, 1759354384165782367
0.2098113962350231, 0.012299525808912828, 1.878602385520935, 1759354384228382075
0.21262749413615648, 0.0075209151646966, 1.8420381546020508, 1759354384278552645
0.2154913439056179, 0.009692152478349574, 1.8346030712127686, 1759354384325471942
0.20964461018718097, 0.007412834577950994, 1.8041820526123047, 1759354384373511444
0.21401749840414283, 0.003686782753024827, 1.8390264511108398, 1759354384420482600
0.2125538817153669, 0.005881684444269518, 1.8209906816482544, 1759354384469445529
0.2152828196775021, 0.005084117175346554, 1.828150987625122, 1759354384518613703
0.22082531157437701, 0.009562290639777343, 1.8202576637268066, 1759354384565349540
0.22572660291080743, 0.004300199514736823, 1.7655144929885864, 1759354384627943425
0.22923273589095647, 0.0027054605363456947, 1.6876415014266968, 1759354384677508891
0.2292767955860759, 0.0046592732993937635, 1.698325753211975, 1759354384725497574
0.23499541544395344, 0.0005887402836350297, 1.7191461324691772, 1759354384772493559
0.23086447835930712, 0.0021799988023435235, 1.6908540725708008, 1759354384820664964
0.22718053174140146, 0.0019519509765585099, 1.6984386444091797, 1759354384869503253
0.22960840564998541, 0.009024016541048679, 1.6600620746612549, 1759354384917502709
0.23889566697848133, 0.001512962973222861, 1.6635019779205322, 1759354384965619347
0.24141682712421833, 0.00634023595594079, 1.6206848621368408, 1759354385029353923
0.2397438813164313, 0.008026535587248636, 1.6189303398132324, 1759354385077650425
0.23346600603422382, 0.0020358763815306663, 1.6606734991073608, 1759354385125638951
0.24103890932545824, 0.0010021421827257871, 1.629228949546814, 1759354385172512500
0.2463300473900596, 0.0036607658936580185, 1.580064058303833, 1759354385220539960
0.24576384083830705, 0.0017785750003397045, 1.561854362487793, 1759354385270814662
0.2469183933443096, 0.00134765173838449, 1.5957660675048828, 1759354385317623642
0.2537285355642289, 0.0022434135873440823, 1.5562690496444702, 1759354385365416061
0.24642241783029542, 0.0011214878256504916, 1.5044684410095215, 1759354385412882679
0.25180888039866733, 0.00687108104849106, 1.472153902053833, 1759354385477652208
0.2562207928019735, 0.001913474480679204, 1.4934666156768799, 1759354385525720848
0.25823762085758695, 0.0035494568289099735, 1.468544840812683, 1759354385573602352
0.2573767545144945, 0.005579398742965499, 1.4609121084213257, 1759354385621681511
0.2520892539839393, -0.0032725736551104763, 1.4544380903244019, 1759354385670172088
0.2740960899550681, 0.011907908397898482, 1.4854134321212769, 1759354385717586767
0.25176615295736965, -0.0011239675972650974, 1.428490161895752, 1759354385765792800
0.26648982484819234, 0.0066973389838543415, 1.4087306261062622, 1759354385829301905
0.26429299274055124, 0.0026786883121787727, 1.4148703813552856, 1759354385876881720
0.2612157741915173, 0.0038318179226943935, 1.3640027046203613, 1759354385925500308
0.27677106459199713, 0.00904316477824805, 1.3803890943527222, 1759354385972856060
0.26261494485811054, -0.0008408889846686216, 1.3298007249832153, 1759354386020929614
0.2675827222748601, 0.007203355144910589, 1.326096773147583, 1759354386069190121
0.267600644387656, 0.004470675024309262, 1.333321452140808, 1759354386133631662
0.26830630382675635, -0.0005734101060305624, 1.322286605834961, 1759354386165723069
0.2795725432058859, 0.006836943387464438, 1.2984517812728882, 1759354386229507002
0.2711001159921166, 0.0010259786212399712, 1.2873954772949219, 1759354386277583220
0.2712958529658259, 0.004050762448998787, 1.2804300785064697, 1759354386325573746
0.28296400477547823, 0.005834672886346557, 1.2649654150009155, 1759354386373525980
0.2814303238239396, 0.0028309848433203757, 1.2688820362091064, 1759354386422530719
0.2818154287215745, 0.009766173221225161, 1.2094988822937012, 1759354386469531302
0.2850767507592406, 0.004734299996302598, 1.2203130722045898, 1759354386517609898
0.2886871150301667, 0.005309821159051026, 1.2162127494812012, 1759354386565075273
0.28539152400859, 0.009983671350626777, 1.1774780750274658, 1759354386629588742
0.29270759938771007, 0.002503655367301594, 1.1739012002944946, 1759354386677678608
0.2949974800984358, 0.003970207616068314, 1.1664074659347534, 1759354386725528609
0.2903246038173071, 0.0067440669106746814, 1.1258981227874756, 1759354386773554079
0.294734972712683, 0.0006647046726436007, 1.0931705236434937, 1759354386821531496
0.29612275859119475, 0.0031024903064886564, 1.0927963256835938, 1759354386868569962
0.29157763456251784, 0.0018853509446368614, 1.0953254699707031, 1759354386917656592
0.3010844924957141, 0.004419545370306344, 1.083027720451355, 1759354386965689332
0.30526878277292746, 0.007419517773883368, 1.062387466430664, 1759354387029350748
0.30201190145284973, 0.0022441814933055327, 1.0419471263885498, 1759354387077578898
0.30742380026511895, 0.005682515531043593, 1.019361138343811, 1759354387125596087
0.30620096535115743, 0.0026106278921153156, 1.0179123878479004, 1759354387173550161
0.3139811310523583, 0.003355814858467344, 0.9967288374900818, 1759354387221554912
0.3076830440420879, 0.003907445124015315, 0.9631096720695496, 1759354387269644068
0.31068666192250477, 0.0003439253323098151, 0.9645413160324097, 1759354387317637903
0.3197604994033693, 0.005867889555366776, 0.9539905190467834, 1759354387365134185
0.31280949281103, 0.006586469207159305, 0.9297372102737427, 1759354387429737470
0.31564124090388224, 0.004355090691370295, 0.9468122124671936, 1759354387477758659
0.3255312689158558, 0.005108855873448992, 0.924408495426178, 1759354387525602650
0.32497095756408256, 0.0060126734393980115, 0.9191628694534302, 1759354387573583702
0.323383176011856, 0.004280840717988286, 0.9125857949256897, 1759354387621568424
0.3257998328320365, 0.0031925999036272966, 0.8901498317718506, 1759354387669587412
0.3291389557002957, 0.00462885939254258, 0.8680408596992493, 1759354387717645558
0.32869372481941195, 0.0032444628641862083, 0.8308197259902954, 1759354387765716944
0.3315084727103188, 0.004871058253060781, 0.8473547101020813, 1759354387813489447
0.33213116172317664, 0.00348707001227373, 0.8420135378837585, 1759354387877602688
0.33734260760286544, 0.00502697009413926, 0.816613495349884, 1759354387925620496
0.33216169588386363, 0.0019841324646038667, 0.8055222630500793, 1759354387973594136
0.336218920594046, 0.003669352608957612, 0.7990893721580505, 1759354388021575546
0.3412798971262982, 0.006053775801889953, 0.7725228071212769, 1759354388069577953
0.33407419490699625, 0.0038329677421333037, 0.7774950265884399, 1759354388117676777
0.3495734626246129, 0.004662675954697699, 0.7968761324882507, 1759354388165815199
0.3360742495958326, 0.008430414445572187, 0.7265892028808594, 1759354388229294886
0.34110064214816277, 0.0061762973631029955, 0.7411277294158936, 1759354388277671643
0.3469600911210596, 0.004927092242747182, 0.721392035484314, 1759354388326587609
0.34813656151523825, 0.0061593036183221275, 0.7062481641769409, 1759354388373606156
0.34720034722060233, 0.004641756747268451, 0.7070525884628296, 1759354388421581463
0.3470317146370178, 0.0026712783016851166, 0.6901041865348816, 1759354388469588563
0.3572293144332066, 0.009860471957752569, 0.6749223470687866, 1759354388517684538
0.34918192474146825, 0.0036029948648781496, 0.6839478611946106, 1759354388565606232
0.3518348838880351, 0.007275549553822823, 0.6660184860229492, 1759354388629689378
0.3491405711598093, 0.00672481350956076, 0.634588897228241, 1759354388677616636
0.34853260269912484, 0.003838405761459053, 0.6251054406166077, 1759354388725646255
0.35740254538960364, 0.007476033892540505, 0.6350648999214172, 1759354388773590900
0.35287222351926856, 0.005010177929371759, 0.6318423748016357, 1759354388821606588
0.3520653609126523, 0.002969678299622977, 0.6151477098464966, 1759354388869623506
0.36048783207040624, 7.283174461228524e-05, 0.5856063365936279, 1759354388919711425
0.36085544458970625, 0.004463629927583543, 0.5946550369262695, 1759354388965093066
0.35701384271569764, -0.0009378070465044519, 0.5940231084823608, 1759354389013397241
0.35902212394387495, 0.007274067476253912, 0.6116949915885925, 1759354389077967615
0.35434341713079626, 0.0031728017132264036, 0.5634786486625671, 1759354389125652080
0.35712905627428243, 0.002474913025915699, 0.5650839805603027, 1759354389173658648
0.3435212279409245, 0.003292017795440958, 0.56812584400177, 1759354389221628291
0.29756527744433514, 0.0016435910594675995, 0.5503993630409241, 1759354389269730831
0.25588221899708147, 0.00440447933002778, 0.49481478333473206, 1759354389317941934
0.22476667532179948, -0.0005433649331852581, 0.4359029531478882, 1759354389365635446
0.28308412812802713, 0.00732371471014077, 0.5414713621139526, 1759354389429391245
0.32973594130506384, -9.634578695945989e-05, 0.519981861114502, 1759354389479647164
0.36941036466243166, 0.0026851995167738968, 0.46559399366378784, 1759354389525667382
0.3724145928311586, 0.0011899748850448385, 0.4978581964969635, 1759354389573637768
0.3732418364450383, 0.0021242173183700012, 0.516799807548523, 1759354389620851518
0.3594020913159837, 0.0008756490941472689, 0.5121248960494995, 1759354389669651744
0.3704084224409408, 0.0011138128872133068, 0.49426743388175964, 1759354389717744993
0.3704976309896986, 0.0005282612350880103, 0.5191625952720642, 1759354389765183696
0.3628324001253124, -0.0002532573903401767, 0.5269052982330322, 1759354389829637060
0.3761392425184623, 0.004418206447636048, 0.5237836241722107, 1759354389876819055
0.36338104891012724, -0.0019511296952112991, 0.4948182702064514, 1759354389925769667
0.3712244612992905, 0.004230068531316539, 0.4948805868625641, 1759354389973653623
0.3696874277386513, -0.002287768656309728, 0.5013027191162109, 1759354390021655374
0.3762050159477508, 0.0030409976262737704, 0.46547776460647583, 1759354390070715991
0.37397398778588736, -0.00013572184814991697, 0.48510977625846863, 1759354390116821732
0.37284234429098706, 0.0004330982562978817, 0.49467208981513977, 1759354390165280376
0.37510517143766076, 0.003231673361973923, 0.4980810582637787, 1759354390212914329
0.3713857661662669, 0.0010592875032207924, 0.4850977957248688, 1759354390277089568
0.3748516118664838, 0.004130207983539847, 0.46700024604797363, 1759354390324927824
0.3785216961856524, 0.0009441138287239858, 0.4690086543560028, 1759354390372830899
0.3733414235218674, 0.002325630255827909, 0.45643335580825806, 1759354390421200896
0.367600693764993, -0.0010627930691283994, 0.455677330493927, 1759354390469668017
0.3835818897524894, -0.0013714021022622643, 0.4266003370285034, 1759354390517669697
0.3833017255694735, 0.0018163073362425677, 0.4387228786945343, 1759354390564880172
0.3688732002807477, -0.0006943315681047419, 0.4341873824596405, 1759354390629723727
0.37798856589245106, 0.006349582906130358, 0.4198671281337738, 1759354390677433603
0.3820116171380202, -0.0014850625589380806, 0.42702993750572205, 1759354390725030648
0.3788781063893057, 0.0026889010509787434, 0.41018056869506836, 1759354390773162297
0.37900846955811635, 0.0017364147268041068, 0.4122936427593231, 1759354390820990594
0.38211020215082464, 0.001015906683324048, 0.4001442492008209, 1759354390869714423
0.37832369354374584, 0.0038845323559982543, 0.4016418159008026, 1759354390917673360
0.37388763000002245, -0.0014853046363789142, 0.41731148958206177, 1759354390964815579
0.378111347430989, 0.004359879591157885, 0.39103788137435913, 1759354391029752130
0.3842233182647637, -0.0011396572199473722, 0.3851357102394104, 1759354391077638960
0.37998658735577756, 0.002321266200591387, 0.35286176204681396, 1759354391125717538
0.38550149613157103, 0.0006988650034457972, 0.36789757013320923, 1759354391174696711
0.3859037917366994, 0.0017350417149322142, 0.3809605538845062, 1759354391222663233
0.38303687336307085, 0.002741443928849035, 0.40269434452056885, 1759354391269765033
0.3836080288203793, 0.0019899668001164984, 0.3816756308078766, 1759354391317688229
0.3826977240971327, 0.0035890258622778316, 0.35049572587013245, 1759354391365783726
0.3957528308247793, 0.00149626089205191, 0.3461093008518219, 1759354391429067140
0.37801203597292743, 0.0014215765849908085, 0.3551626205444336, 1759354391476827034
0.38227680684365273, 0.0049465301975745715, 0.3479585349559784, 1759354391525725454
0.3794945869367584, 0.0009939695259897556, 0.37424418330192566, 1759354391574698220
0.3850223269063931, 0.0021794321656701137, 0.38992437720298767, 1759354391621689703
0.3746625380796472, 0.0020087155271666037, 0.397316038608551, 1759354391669772041
0.3765121093496982, -0.0006030734841664341, 0.40298375487327576, 1759354391717696107
0.39354705095440945, 0.003517148342411659, 0.35723501443862915, 1759354391765049625
0.3835099565740446, 0.002009027835737109, 0.3495157063007355, 1759354391814331158
0.3803707987024458, 0.002649937543486558, 0.34673169255256653, 1759354391877685430
0.39234484271507586, 0.0007192279982638222, 0.39829710125923157, 1759354391925736282
0.3789807091889755, 0.0037047853326927374, 0.3808879852294922, 1759354391974685461
0.3746712395002342, 0.0013990776646707192, 0.3901306688785553, 1759354392021698997
0.3867340802569289, 0.003454826272213832, 0.38386303186416626, 1759354392068999893
0.37364765530723765, 0.0002375325938004564, 0.3573474586009979, 1759354392117739608
0.39518600219486555, 0.003277846955310052, 0.3498740494251251, 1759354392165470982
0.38729841789837033, 0.0033271149725656807, 0.34624186158180237, 1759354392214158407
0.3766827414949774, 0.00066577479838854, 0.35982054471969604, 1759354392277526550
0.39228202005170637, 0.005390431831376099, 0.3866588771343231, 1759354392325712326
0.36952140324369587, -0.0009318325470099449, 0.4090617895126343, 1759354392373720038
0.3761975528253792, 0.0017538391794610084, 0.3901901841163635, 1759354392421697638
0.3942578772893479, 0.0015228227564518843, 0.3771592378616333, 1759354392468893912
0.37940079676914223, 0.0020256630765630884, 0.34108105301856995, 1759354392517722458
0.38376335691521546, 0.0033835359649768337, 0.36712077260017395, 1759354392565341616
0.3849972743701189, -0.0012392482756737216, 0.3725968599319458, 1759354392613143312
0.3749704699266103, 0.005932568055189016, 0.365158349275589, 1759354392677727378
0.37671261724436383, 0.00017643652019653282, 0.3700859546661377, 1759354392726759491
0.3848204523871455, 0.0040267438605179244, 0.3722984790802002, 1759354392773709507
0.38405604893548395, 0.0021478822962429137, 0.3746510148048401, 1759354392821713188
0.37510633068920396, 0.005414035365687062, 0.3628912568092346, 1759354392869733614
0.3842596754450035, 0.0010774818579765214, 0.3742466866970062, 1759354392917734053
0.3898998673867604, 0.00034242350703222633, 0.3795989453792572, 1759354392966109730
0.37588504634244096, 0.002650134414960534, 0.3761172592639923, 1759354393013446104
0.3815775105925371, 0.0003339379289748774, 0.3667106628417969, 1759354393077773690
0.38439540909770087, 0.00030591130640869976, 0.36418917775154114, 1759354393126224116
0.3805061390676247, -0.00024102843249929192, 0.34969955682754517, 1759354393173744944
0.3744164856274815, 0.0011262703255321734, 0.37916097044944763, 1759354393221728794
0.3761796721309925, -0.0018313450502887426, 0.3789752125740051, 1759354393268867671
