x, y, theta, stamp
 0.003030278225889348, -0.0014026748228684399, 0.0062242961932179154, 7463588000000
 0.003030275228875016, -0.001402676501454233, 0.006223826331364136, 7463622000000
 0.004183200553422516, -0.0013997686151655693, 0.006259140442702323, 7463656000000
 0.0064908849694072955, -0.001392752222066654, 0.0064999113539605455, 7463690000000
 0.009954212669480487, -0.001379542123789904, 0.006663381189643117, 7463724000000
 0.014573428802894325, -0.001359814657659651, 0.006687506119346707, 7463758000000
 0.020347796515758413, -0.0013324701993443352, 0.006828699931663499, 7463792000000
 0.027277430447256345, -0.0012956368198517088, 0.007061499168536184, 7463826000000
 0.042208791244450386, -0.0011519065650983024, 0.017067504860361217, 7463894000000
 0.06460241866588705, -0.0005913049845857966, 0.03316795858919602, 7463996000000
 0.0869833748128461, 0.000356253298036253, 0.051120511782618644, 7464098000000
 0.1093385018850778, 0.0017246668025338516, 0.07307285034861892, 7464200000000
 0.1316539051383766, 0.0036234441255896914, 0.09719722476220144, 7464302000000
 0.15391395663164098, 0.006080135166333537, 0.12347402277619175, 7464404000000
 0.17609140274917331, 0.009154472623978494, 0.15439620738491455, 7464506000000
 0.19815157774520403, 0.012961313748672694, 0.18855240679949317, 7464608000000
 0.22005667537617546, 0.017551898235035612, 0.22669085517564366, 7464710000000
 0.24175033745959804, 0.023007465672604935, 0.26762718196719326, 7464812000000
 0.26317931632358355, 0.02936775695092775, 0.3112149362992806, 7464914000000
 0.2842921362517389, 0.03667648807572391, 0.3565696814402494, 7465016000000
 0.30504392974736844, 0.044950471646012506, 0.4035568016202649, 7465118000000
 0.3253822953959078, 0.05420117537004968, 0.4505884649451948, 7465220000000
 0.33869209322704136, 0.06089402231284476, 0.48206520423426985, 7465288000000
 0.35824479193560554, 0.07171480619893907, 0.5296410607244453, 7465390000000
 0.3772565440029245, 0.08346494631581397, 0.5774718194925099, 7465492000000
 0.395725932466416, 0.09606959402522364, 0.6216098585825943, 7465594000000
 0.4136210813364118, 0.1094832055119903, 0.6657060292865326, 7465696000000
 0.4309123042846631, 0.12367562787583924, 0.7088936602804506, 7465798000000
 0.44763705293396766, 0.13854727264905242, 0.7462762205113954, 7465900000000
 0.46378345971097973, 0.15403096509089534, 0.7834438862214409, 7466002000000
 0.47935836789587544, 0.1700832650606189, 0.816195311214912, 7466104000000
 0.4943553712815959, 0.18653579054502864, 0.8474534052397833, 7466206000000
 0.5088969355838225, 0.2034702218009168, 0.8764399078872017, 7466308000000
 0.5230049789976207, 0.22086710079145527, 0.8998552208756203, 7466410000000
 0.5367497113337276, 0.2385646414739274, 0.9206124271090245, 7466512000000
 0.5501452880949739, 0.25652981810984943, 0.9396082362183477, 7466614000000
 0.5632217439069891, 0.2747304925145337, 0.9542771500249484, 7466716000000
 0.5760671196963809, 0.29309574181051146, 0.9664899314757043, 7466818000000
 0.5845149769742415, 0.30542258501418723, 0.9737654719160518, 7466886000000
 0.5970284140405548, 0.32402802256268404, 0.9832367648225545, 7466988000000
 0.6094145383536927, 0.34273171673389763, 0.9890197038972436, 7467090000000
 0.6216973269886807, 0.36150517462274784, 0.9939354694493762, 7467192000000
 0.633892881466572, 0.38033271830752746, 0.99794865690262, 7467294000000
 0.6460196452763434, 0.3992042242631962, 1.0004806814118856, 7467396000000
 0.658114896690322, 0.4180989428258031, 1.0021099724310332, 7467498000000
 0.67018798267168, 0.43701304887149595, 1.0031615366417193, 7467600000000
 0.682245703132572, 0.4559400916589164, 1.0038289891251215, 7467702000000
 0.6942933696338675, 0.4748728919314858, 1.0041131337016669, 7467804000000
 0.7063374135839939, 0.493805422884417, 1.0041612151187282, 7467906000000
 0.7183815942565784, 0.5127369202975116, 1.0040593265820466, 7468008000000
 0.7304266211352612, 0.5316685383435018, 1.0043810285672192, 7468110000000
 0.7424621102955031, 0.5506081891124042, 1.0048937419922925, 7468212000000
 0.7544872120219484, 0.5695548733200005, 1.0054910749116166, 7468314000000
 0.7665000891323905, 0.5885076044938602, 1.00614664762962, 7468416000000
 0.774500465600962, 0.6011463229632762, 1.0068330608507443, 7468484000000
 0.786469181470577, 0.6201214892488728, 1.0089987596857786, 7468586000000
 0.7983990824212648, 0.6391220834502862, 1.0111953941814662, 7468688000000
 0.8102879617502532, 0.6581497614614182, 1.0134466730293095, 7468790000000
 0.8221328226275794, 0.677204994780738, 1.0158288933003765, 7468892000000
 0.8339264553753151, 0.6962887840210632, 1.0192057966519712, 7468994000000
 0.845645481848279, 0.7154162838251155, 1.02301723723359, 7469096000000
 0.8534163705444322, 0.7281930068429975, 1.0256979117390528, 7469164000000
 0.8650098720232237, 0.7473968656113135, 1.0297107299688424, 7469266000000
 0.8765251608543958, 0.766648087937311, 1.0340165200678217, 7469368000000
 0.8879410058990544, 0.7859560262066987, 1.0395154379469285, 7469470000000
 0.8992540569629266, 0.8053240587416061, 1.0448688772877641, 7469572000000
 0.9104644716142747, 0.8247511750678352, 1.0501390269246946, 7469674000000
 0.9215687311336193, 0.8442376478972695, 1.0560945707968108, 7469776000000
 0.9325506340219601, 0.8637935112451193, 1.0621997488241266, 7469878000000
 0.9434139606942819, 0.8834161715070298, 1.0682193111682952, 7469980000000
 0.9541613068618533, 0.9031028808960264, 1.0740847414010162, 7470082000000
 0.9647949587475615, 0.9228511858928369, 1.079753797036496, 7470184000000
 0.9753159336235752, 0.9426588377986158, 1.0856995947072885, 7470286000000
 0.9857166210097617, 0.962530214042371, 1.0915854846938038, 7470388000000
 0.9925862889883891, 0.9758115422403985, 1.0954621915118785, 7470456000000
 1.002798062975288, 0.9957819965150272, 1.1009710553728176, 7470558000000
 1.0129017813865486, 1.0158076575671648, 1.1062532232369862, 7470660000000
 1.0229016363561496, 1.0358853867229627, 1.1113853483921128, 7470762000000
 1.032795111851812, 1.0560155820966226, 1.1166154428443955, 7470864000000
 1.0425862382314066, 1.0761964047189243, 1.121596137668696, 7470966000000
 1.0522799098047284, 1.0964249120036573, 1.1263283401066655, 7471068000000
 1.0618802052549565, 1.1166983989852743, 1.1308255148713002, 7471170000000
 1.0713901561543226, 1.13701421477544, 1.1353526133570586, 7471272000000
 1.0808078831932828, 1.1573731364659028, 1.1397204811509636, 7471374000000
 1.0901390706512064, 1.1777724498915902, 1.1438578457243196, 7471476000000
 1.099388650997206, 1.1982094249035784, 1.1477558071998974, 7471578000000
 1.1085610680599187, 1.2186816890225407, 1.1514160895582437, 7471680000000
 1.117659570258617, 1.239186915623211, 1.1551010024478092, 7471782000000
 1.1266822946125714, 1.2597258056336624, 1.1586475393021765, 7471884000000
 1.1326578378954455, 1.273435802381253, 1.160945502560864, 7471952000000
 1.1415650586813166, 1.294025716406134, 1.16413981903684, 7472054000000
 1.1504085703785856, 1.3146435282781466, 1.1671342431877498, 7472156000000
 1.159192376242959, 1.335287280630484, 1.169930581231848, 7472258000000
 1.1679194247354756, 1.3559549825054722, 1.1727391077632912, 7472360000000
 1.1765867616904577, 1.3766479308244979, 1.1755064361481322, 7472462000000
 1.1851983536447577, 1.3973644147688804, 1.1781428610091538, 7472564000000
 1.193757250613469, 1.4181029674986052, 1.1806214855890245, 7472666000000
 1.2022665775583967, 1.43886233010412, 1.1829402732018477, 7472768000000
 1.2107294215154265, 1.4596409713873948, 1.185106144045155, 7472870000000
 1.2191472473372056, 1.4804375340063232, 1.1874168574323432, 7472972000000
 1.2275155675094893, 1.5012541425824124, 1.1896995965201895, 7473074000000
 1.235837388894855, 1.522089680480451, 1.191882465676943, 7473176000000
 1.2441152214025044, 1.5429429044829863, 1.1939490557080747, 7473278000000
 1.2523513586013415, 1.563812805845492, 1.1958887154001696, 7473380000000
 1.2605466381090864, 1.5846984779702775, 1.1980292608722733, 7473482000000
 1.2659838735256121, 1.5986325019580698, 1.199478397357118, 7473550000000
 1.274102948034687, 1.6195480350421638, 1.2015913327583374, 7473652000000
 1.2821795163305447, 1.6404801409339747, 1.2035712154802969, 7473754000000
 1.2902156589874094, 1.6614280443022358, 1.2054429349278202, 7473856000000
 1.2982142677770911, 1.6823907221315488, 1.2071490204318152, 7473958000000
 1.306177844343311, 1.7033668718379091, 1.2087602424924058, 7474060000000
 1.3141069601439277, 1.7243555672307267, 1.2106113729531571, 7474162000000
 1.3219949662728303, 1.745359721308466, 1.21248993132415, 7474264000000
 1.329844088317198, 1.7663786008221058, 1.2143102385746831, 7474366000000
 1.337656053298656, 1.7874114013293023, 1.216047520932879, 7474468000000
 1.3454326053203591, 1.808457554139328, 1.2176824387801939, 7474570000000
 1.3505984343118924, 1.8224952836223423, 1.2187274665268022, 7474638000000
 1.358320627704255, 1.843561633855074, 1.220276537065869, 7474740000000
 1.3660041847515976, 1.8646413115256975, 1.2222067712849232, 7474842000000
 1.3736494232562775, 1.8857352191264054, 1.2240115032062675, 7474944000000
 1.3812581633543535, 1.9068425051495457, 1.2256787363224357, 7475046000000
 1.3888321200549654, 1.927962501817017, 1.2272815116821851, 7475148000000
 1.3963731644709771, 1.949094481458669, 1.2287889546120163, 7475250000000
 1.403883571103698, 1.9702375079161418, 1.2301876663958438, 7475352000000
 1.4113656451044345, 1.991390797074188, 1.23148388408244, 7475454000000
 1.418821356520905, 2.0125536756206692, 1.232685568807691, 7475556000000
 1.4262525908895693, 2.0337252777274264, 1.2338022083025757, 7475658000000
 1.4336610128726144, 2.054904961740971, 1.2348448646662886, 7475760000000
 1.4410480907493648, 2.076092309253257, 1.2358249695696506, 7475862000000
 1.4459615276373874, 2.0902211730450895, 1.2364551817734486, 7475930000000
 1.4533154721164891, 2.111420114651648, 1.2373563353010284, 7476032000000
 1.460650623596496, 2.1326257090644143, 1.238228150780874, 7476134000000
 1.4679674747520288, 2.1538375906768152, 1.239084859469055, 7476236000000
 1.4752660912039384, 2.1750557595818476, 1.2399419293195382, 7476338000000
 1.4821294182309555, 2.195199798809725, 1.2486753069362806, 7476440000000
 1.4880479413271568, 2.2128333813823127, 1.2474132398747566, 7476542000000
 1.4929238123789226, 2.2274126424125034, 1.2481133439095056, 7476644000000
 1.496759620032116, 2.2389204201864468, 1.2496186538051648, 7476746000000
 1.4995979770764967, 2.2474689505566614, 1.2507648385045036, 7476848000000
